E-Number,Scientific Name,Function,Safety Status (EFSA),Risk Category,Known Side Effects,ADHD Impact,Danish Description,Matti_Note
E100,Curcumin,Farvestof,Godkendt,Green,Ingen,No,Naturligt gult farveekstrakt fra gurkemeje.,Helt sikkert – din mave sender dig sikkert et takkebrev.
E101,Riboflavin (Vitamin B2),Farvestof,Godkendt,Green,Ingen,No,Vitaminbaseret farve. Sundt og naturligt.,Et farvestof der rent faktisk er et vitamin. High-five til naturen!
E102,Tartrazin,Farvestof,Mandatory Warning,Red,"Allergier, astma, ADHD-link.",Yes,Syntetisk gult azo-farvestof. Kræver advarselsmærkning i EU.,Klassisk ballademager. Lad slikket ligge på hylden.
E104,Quinolingult,Farvestof,Mandatory Warning,Red,"Dermatitis, hyperaktivitet.",Yes,Syntetisk farvestof der skaber adfærdsproblemer.,Kræver advarsel i EU af en god grund.
E110,Sunset Yellow FCF,Farvestof,Mandatory Warning,Red,"Urticaria, hyperaktivitet.",Yes,Orange kunstig farve. Kan forværre ADHD-symptomer.,"Giver flot farve, men desværre også urolige ben."
E120,Karmin,Farvestof,ADI: 5 mg/kg,Red,"IgE-medieret allergi, anafylaksi.",No,Rød farve udvundet af knuste insekter (skjoldlus).,Lavet af lus. Din krop er måske ikke fan af insekt-proteiner.
E122,Azorubin (Carmoisin),Farvestof,Mandatory Warning,Red,"Allergier, ADHD-link.",Yes,Syntetisk azo-farvestof. Øger risikoen for uopmærksomhed.,Ikke just hjerne-mad.
E123,Amaranth,Farvestof,Godkendt,Red,Allergier.,Yes,Syntetisk azo-farvestof.,"Navnet lyder sundt, men det er ren kemi."
E124,Ponceau 4R,Farvestof,Mandatory Warning,Red,"Astma, neuro-forstyrrelser.",Yes,Rødt kemisk farvestof. Påvirker koncentrationsevnen negativt.,Kemisk rød er sjældent god rød.
E127,Erythrosin,Farvestof,Godkendt,Red,Jod-følsomhed.,No,Syntetisk pink farve.,Pink panik – bør begrænses.
E129,Allura Red AC,Farvestof,Mandatory Warning,Red,"Mikrobiom-forstyrrelse, hyperaktivitet.",Yes,Udbredt i slik. Direkte forbundet med hyperaktiv adfærd.,Gør børnene mere 'allura' end hvad godt er.
E131,Patent Blue V,Farvestof,Godkendt,Yellow,Allergier.,No,Syntetisk blå farve.,"Smuk blå, men din krop er ret ligeglad."
E132,Indigotin,Farvestof,Godkendt,Red,Allergier.,No,Syntetisk blå.,Den blå farve fra dine jeans hører ikke til i maven.
E133,Brilliant Blue FCF,Farvestof,Godkendt,Red,GI-akkumulering ved IBD.,Potential,Syntetisk blå farve. Bør begrænses ved sart mave.,"Smølfe-blå, men ikke nødvendigvis smølfe-god."
E140,Chlorophyll,Farvestof,Godkendt,Green,Ingen,No,Naturligt grønt planteekstrakt.,Helt naturligt. Som at spise en lille smule græs – på den helt gode måde.
E141,Kobber-chlorophyll-kompleks,Farvestof,Godkendt,Green,Ingen,No,Modificeret naturfarve.,Grøn og stabil. Matti godkender.
E142,Green S,Farvestof,Godkendt,Yellow,Allergier.,No,Syntetisk grøn.,Kemisk grøn – brug hellere E140.
E150a,Ren Karamel,Farvestof,Godkendt,Green,Ingen,No,Brændt sukker.,Klassisk karamel. Intet hokus-pokus her.
E150b,Kaustisk sulfit-karamel,Farvestof,Godkendt,Yellow,Begrænset data.,No,Kemisk karamel.,En smule mere kemisk end den rene vare.
E150c,Ammonieret Karamel,Farvestof,Strict ADI,Yellow,4-MEI biprodukter.,No,Kemisk karamel lavet med ammoniak.,Ammoniak og sukker? Vi springer over hvis vi kan.
E150d,Ammonieret sulfit-karamel,Farvestof,Godkendt,Red,Indeholder 4-MEI biprodukter.,No,Kemisk karamel brugt i cola.,Colaens mørke hemmelighed. Vi lader den stå.
E151,Brilliant Black BN,Farvestof,Godkendt,Red,Allergier.,No,Syntetisk sort.,"Sort magi, vi helst vil undgå i kosten."
E153,Vegetabilsk kul,Farvestof,Godkendt,Yellow,Urenheder.,No,Naturlig kulstof.,"Giver sort farve, men pas på urenheder."
E155,Brown HT,Farvestof,Godkendt,Red,Allergier.,No,Syntetisk brun.,Vi foretrækker den naturlige karamel.
E160a,Carotener,Farvestof,Godkendt,Green,Ingen,No,Naturlige planteekstrakter (A-vitamin).,Gulerods-energi! Meget sikkert.
E160b(i),"Annatto, bixin",Farvestof,Godkendt,Yellow,Overfølsomhed.,No,Naturligt planteekstrakt.,"Naturlig, men kan drille de mest følsomme."
E160b(ii),"Annatto, norbixin",Farvestof,Godkendt,Red,Højere allergirisiko.,No,Naturligt planteekstrakt.,"Søskende til E160b(i), men lidt mere aggressiv."
E160c,Paprikaekstrakt,Farvestof,Godkendt,Green,Ingen,No,Naturligt planteekstrakt.,Krydret og sikker farve.
E160d,Lycopen,Farvestof,Godkendt,Green,Ingen,No,Farve fra tomater.,Sund farve fra haven.
E160e,Beta-apo-8'-carotenal,Farvestof,Godkendt,Yellow,Syntetisk carotener.,No,Syntetisk udgave af naturens farve.,Hvorfor bruge syntetisk når man har gulerødder?
E161b,Lutein,Farvestof,Godkendt,Yellow,Begrænset data.,No,Gult planteekstrakt.,"Ofte fundet i øjen-vitaminer, her som farve."
E161g,Canthaxanthin,Farvestof,Godkendt,Red,Aflejring i øjets nethinde.,No,Syntetisk orange farve.,Kan ses i spejlet (og i øjnene) ved store mængder. Pas på.
E162,Rødbedefarve,Farvestof,Godkendt,Green,Ingen,No,Naturlig rød fra rødbeder.,Helt naturligt. Kan give rødlig urin (det er okay!).
E163,Anthocyaniner,Farvestof,Godkendt,Green,Ingen,No,Farve fra bær.,Naturens smukkeste (og sikreste) farver.
E170,Calciumcarbonat,Farvestof,Godkendt,Green,Ingen,No,Almindeligt hvidt kridt.,Sikkert hvidt mineral. Godt for knoglerne i små doser.
E171,Titandioxid,Farvestof,Banned in EU,Red,"Genotoksicitet, DNA-skader.",No,"Hvidt mineral, ulovligt i mad grundet genotoksicitet.",Ulovlig siden 2022. Vi savner den absolut ikke.
E172,Jernoxider,Farvestof,Godkendt,Yellow,Begrænset data.,No,Mineralsk farve.,"Rust-farve, bogstaveligt talt."
E173,Aluminium,Farvestof,Godkendt,Red,Neurotoksisk risiko.,No,Metalsølv farve.,"Aluminium hører til i folie, ikke i din mave."
E174,Sølv,Farvestof,Godkendt,Yellow,Akkumulering i væv.,No,Ægte metalsølv.,"Bling-bling til kagen, men ikke til hverdag."
E175,Guld,Farvestof,Godkendt,Yellow,Inert.,No,Ægte guld.,Den dyreste måde at få gul farve på.
E180,Litholrubin BK,Farvestof,Godkendt,Red,Allergier.,No,Syntetisk rød.,Kun til skorpen på visse oste. Spis ikke skorpen.
E200,Sorbinsyre,Konservering,Godkendt,Yellow,Hudirritation.,No,Hæmmer gær og skimmel.,"Holder muggen væk, men kan irritere en følsom mave."
E202,Kaliumsorbat,Konservering,Godkendt,Yellow,Mucosal irritation.,No,Meget udbredt konservering.,"Holder maden frisk, men pas på hvis du er meget sensitiv."
E210,Benzoesyre,Konservering,Godkendt,Red,"Astma, overfølsomhed.",Potential,"Findes i bær, men problem i høj dosis.","Naturlig, men i industrimængder er den en rød alarm."
E211,Natriumbenzoat,Konservering,Godkendt,Red,"ADHD-link, danner benzen med C-vitamin.",Yes,Kendt for at skabe uro hos børn.,"Sodavandets bedste ven, men koncentrationens fjende."
E212,Kaliumbenzoat,Konservering,Godkendt,Red,Samme som E211.,Yes,Søskende til natriumbenzoat.,Samme advarsel som E211 gælder her.
E213,Calciumbenzoat,Konservering,Godkendt,Red,Samme som E211.,Yes,Endnu en benzoate-variant.,Hele benzoate-familien får rødt lys her.
E214,Ethyl-p-hydroxybenzoat,Paraben,Godkendt,Red,Hormonforstyrrende.,No,Paraben brugt som konservering.,Hormonforstyrrende kemi har ikke hjemme i maden.
E215,Natriumethyl-p-hydroxybenzoat,Paraben,Godkendt,Red,Samme som E214.,No,Paraben-variant.,Vi springer paraben-festen over.
E218,Methyl-p-hydroxybenzoat,Paraben,Godkendt,Red,Allergirisiko.,No,Lillebror i paraben-familien.,Stadig et nej tak fra Matti.
E219,Natriummethyl-p-hydroxybenzoat,Paraben,Godkendt,Red,Hormonpåvirkning.,No,Paraben-variant.,"Parabener hører til i shampoo, ikke i pålæg."
E220,Svovldioxid,Sulfit,Godkendt,Red,"Astma-anfald, anafylaksi.",No,Brugt i vin og tørret frugt. Nedbryder Vitamin B1.,Vigtig advarsel: Kan tage pusten fra folk med astma.
E221,Natriumsulfit,Sulfit,Godkendt,Red,Samme som E220.,No,Allergen.,Sulfit-alarm! Pas på luftvejene.
E222,Natriumhydrogensulfit,Sulfit,Godkendt,Red,Samme som E220.,No,Allergen.,Endnu en sulfit-variant.
E223,Natriummetabisulfit,Sulfit,Godkendt,Red,Samme som E220.,No,Allergen.,Den her finder du tit i kartoffelmos-pulver.
E224,Kaliummetabisulfit,Sulfit,Godkendt,Red,Samme som E220.,No,Allergen.,Meget udbredt i vinproduktion.
E226,Calciumsulfit,Sulfit,Godkendt,Red,Samme som E220.,No,Allergen.,Endnu et medlem af sulfit-klubben.
E227,Calciumhydrogensulfit,Sulfit,Godkendt,Red,Samme som E220.,No,Allergen.,Sultit-advarsel her.
E228,Kaliumhydrogensulfit,Sulfit,Godkendt,Red,Samme som E220.,No,Allergen.,Sidste sulfit i denne omgang.
E234,Nisin,Konservering,Godkendt,Green,Ingen kendte,No,Naturligt antibiotikum produceret af bakterier.,En af de 'gode' vagtværn i din mad.
E235,Natamycin,Konservering,Godkendt,Yellow,Antibiotikaresistens-bekymring.,No,Mod skimmel i ostens overflade.,Spis ikke osteskorpen hvis du vil være på den sikre side.
E239,Hexamethylentetramin,Konservering,Godkendt,Red,Danner formaldehyd.,No,Meget begrænset brug.,"Formaldehyd i maden? Nej tak, vi er ikke museumsgenstande."
E242,Dimethyldicarbonat,Konservering,Godkendt,Yellow,Nedbrydes hurtigt.,No,Til drikkevarer.,Smart konservering der 'forsvinder' inden du drikker den.
E243,Ethyllauroylarginat,Konservering,Godkendt,Yellow,Nyere stof.,No,Godkendt i 2014.,Vi holder øje med denne nyere fætter.
E249,Kaliumnitrit,Konservering,Danish Limits,Red,Nitrosaminer (kræftfremkaldende).,No,Brugt i kød mod botulisme.,Danmark kæmper for lavere grænser her af en god grund.
E250,Natriumnitrit,Konservering,Danish Limits,Red,Kræftrisiko.,No,Bevarer kødets lyserøde farve.,"Bevarer farven, men koster desværre på sundhedskontoen."
E251,Natriumnitrat,Konservering,Godkendt,Red,Omdannes til nitrit.,No,Findes i visse oste og kød.,Samme carcinogene risiko som nitrit.
E252,Kaliumnitrat,Konservering,Godkendt,Red,Samme som E251.,No,Nitrat-salt.,Vi lader pølsen ligge på grillen.
E260,Eddikesyre,Syre,Godkendt,Green,Ingen,No,Almindelig eddike.,Helt naturlig og sikker. Din krop kender den allerede.
E261,Kaliumacetater,Syre,Godkendt,Green,Ingen,No,Eddike-salt.,Sikkert og syrligt.
E262,Natriumacetater,Syre,Godkendt,Green,Ingen,No,Eddike-salt.,Saltet udgave af eddike. Ingen problemer.
E263,Calciumacetat,Syre,Godkendt,Green,Ingen,No,Eddike-salt.,Helt i orden.
E267,Bufret eddike,Konservering,Godkendt,Green,Ingen,No,Nyere godkendelse (2023).,Moderne udgave af en gammel kending. Helt sikker.
E270,Mælkesyre,Syre,Godkendt,Green,Ingen,No,Naturlig syre fra mejeriprodukter.,Sund og sikker mælkesyre. Din mave jubler.
E280,Propionsyre,Konservering,Godkendt,Yellow,"Naturlig i ost, problem i høj dosis.",No,Mod mug i brød.,Ofte fundet i industribrød. Vi foretrækker surdej.
E281,Natriumpropionat,Konservering,Godkendt,Yellow,Samme som E280.,No,Propionat-salt.,Typisk brød-kemi.
E282,Calciumpropionat,Konservering,Godkendt,Yellow,Samme som E280.,No,Meget brugt i industribrød.,Din toast-pakke har sikkert besøg af ham her.
E283,Kaliumpropionat,Konservering,Godkendt,Yellow,Samme som E280.,No,Propionat-salt.,Endnu en brød-bevarer.
E284,Borsyre,Konservering,Godkendt,Red,Toksisk i større mængder.,No,Kun tilladt til kaviar.,Kun til festlige lejligheder – og kun i små mængder.
E285,Borax,Konservering,Godkendt,Red,Samme som E284.,No,Kun til kaviar.,Samme som Borsyre. Pas på doseringen.
E290,Carbondioxid,Drivgas,Godkendt,Green,Ingen,No,Naturlig luftart (kulsyre).,Det der giver bobler i din sodavand. Helt sikkert.
E296,Æblesyre,Syre,Godkendt,Green,Ingen,No,Findes naturligt i frugt.,Giver det syrlige pift til dine æbler. Tommel op!
E297,Fumarsyre,Syre,Godkendt,Green,Ingen,No,Findes naturligt i planter.,En af naturens egne syrer.
E300,Ascorbinsyre (Vitamin C),Antioxidant,Godkendt,Green,Ingen,No,Rent C-vitamin.,En af de gode drenge. High-five til naturen!
E301,Natriumascorbat,Antioxidant,Godkendt,Green,Ingen,No,C-vitamin salt.,Sikker og stabiliserende.
E302,Calciumascorbat,Antioxidant,Godkendt,Green,Ingen,No,C-vitamin salt.,Helt i orden.
E304,Ascorbylpalmitat,Antioxidant,Godkendt,Yellow,Fedtopløselig C-vitamin.,No,Kemisk modificeret vitamin.,Lidt mere proces end almindelig C-vitamin.
E306,Tocopherolrig ekstrakt,Antioxidant,Godkendt,Green,Ingen,No,Vitamin E.,Naturlig beskyttelse af dine celler. God stil.
E307,Alpha-tocopherol,Antioxidant,Godkendt,Green,Ingen,No,Syntetisk Vitamin E.,Næsten lige så god som den naturlige.
E308,Gamma-tocopherol,Antioxidant,Godkendt,Green,Ingen,No,Vitamin E variant.,Helt sikker.
E309,Delta-tocopherol,Antioxidant,Godkendt,Green,Ingen,No,Vitamin E variant.,Også godkendt her.
E310,Propylgallat,Antioxidant,Godkendt,Red,Maveirritation.,No,Syntetisk antioxidant.,Vi foretrækker de naturlige alternativer hvis muligt.
E315,Erythorbinsyre,Antioxidant,Godkendt,Yellow,Mindre effektiv end C-vitamin.,No,Syntetisk isomer af ascorbinsyre.,B-holdet af antioxidanter.
E316,Natriumerythorbat,Antioxidant,Godkendt,Yellow,Samme som E315.,No,Erythorbinsyre-salt.,Også på B-holdet.
E319,TBHQ,Antioxidant,Godkendt,Red,"DNA-skade, immun-påvirkning.",No,Syntetisk antioxidant i fedtstoffer.,En kemisk vagthund vi helst undgår.
E320,BHA,Antioxidant,Godkendt,Red,"Hormonforstyrrende, kræftrisiko.",No,Syntetisk antioxidant.,Vi takker pænt nej til hormon-forstyrrelser i maden.
E321,BHT,Antioxidant,Godkendt,Red,Levertoksicitet.,No,Syntetisk antioxidant.,Samme som BHA – vi lader den ligge.
E322,Lecithiner,Emulgator,Godkendt,Green,Ingen,No,Naturligt fedtstof fra soja eller solsikke.,Hjælper med at blande ting. Helt sikkert.
E322a,Havre-lecithin,Emulgator,Godkendt,Green,Ingen,No,Nyere naturlig emulgator.,Havre er altid et hit.
E325,Natriumlactat,Buffer,Godkendt,Green,Ingen,No,Mælkesyre-salt.,Sikkert og fugtbevarende.
E326,Kaliumlactat,Buffer,Godkendt,Green,Ingen,No,Mælkesyre-salt.,Helt ok.
E327,Calciumlactat,Syre,Godkendt,Green,Ingen,No,Giver sprødhed til frugt.,Fasthed til maden – sikkerhed til dig.
E330,Citronsyre,Syre,Godkendt,Green,Tand-erosion v. overforbrug.,No,Almindelig citronsyre fra citrusfrugter.,"Sur, men sikker. Din emaljes fjende, men din maves ven."
E331,Natriumcitrater,Syre,Godkendt,Green,Ingen,No,Citronsyre-salt.,Meget udbredt og sikkert.
E332,Kaliumcitrater,Syre,Godkendt,Green,Ingen,No,Citronsyre-salt.,Ingen alarm.
E333,Calciumcitrater,Syre,Godkendt,Green,Ingen,No,Citronsyre-salt.,Helt i orden.
E334,Vinsyre,Syre,Godkendt,Green,Ingen,No,Findes i vindruer.,Naturens egen syre. God stil.
E335,Natriumtartrater,Syre,Godkendt,Green,Ingen,No,Vinsyre-salt.,Helt sikker.
E336,Kaliumtartrater,Syre,Godkendt,Green,Ingen,No,Hævemiddel (vinsten).,Klassisk bage-hjælper. Ingen problemer.
E337,Natriumkaliumtartrat,Syre,Godkendt,Green,Ingen,No,Vinsyre-salt.,Sikker havn her.
E338,Phosphorsyre,Syre,Re-evaluering,Yellow,"Knoglesvækkelse, nyrepåvirkning.",No,Giver cola dens 'bid'.,"Giver cola 'bid', men bider desværre også i dine knogler."
E339,Natriumphosphater,Smeltesalt,Yellow,Nyrepåvirkning.,No,Phosphat-salt.,For meget phosphat er ikke godt for nyrerne.,
E340,Kaliumphosphater,Syre,Yellow,Samme som E339.,No,Phosphat-variant.,Forsigtighed anbefales med alle phosphater.,
E341,Calciumphosphater,Antiklump,Yellow,Samme som E339.,No,Phosphat-variant.,Phosphat-advarsel her.,
E343,Magnesiumphosphater,Mineral,Yellow,Samme som E339.,No,Phosphat-variant.,Endnu en phosphat.,
E345(i),Trimagnesiumdicitrat,Syre,Godkendt,Green,Ingen,No,Nyere godkendelse.,Sikkert mineral-salt.
E350,Natriummalater,Syre,Godkendt,Green,Ingen,No,Æblesyre-salt.,Sikkert og syrligt.
E351,Kaliummalat,Syre,Godkendt,Green,Ingen,No,Æblesyre-salt.,Ingen problemer her.
E352,Calciummalater,Syre,Godkendt,Green,Ingen,No,Æblesyre-salt.,Helt i orden.
E353,Metavinsyre,Syre,Godkendt,Yellow,Begrænset brug.,No,Til vinproduktion.,Ikke noget vi ser i hverdagsmaden.
E354,Calciumtartrat,Syre,Godkendt,Green,Ingen,No,Vinsyre-salt.,Sikkert.
E355,Adipinsyre,Syre,Godkendt,Yellow,Begrænset data.,No,Syntetisk syre.,Ofte brugt i dessert-pulver.
E363,Ravsyre,Syre,Godkendt,Green,Ingen,No,Findes naturligt.,Naturens egen syre.
E380,Triammoniumcitrat,Syre,Godkendt,Green,Ingen,No,Citronsyre-salt.,Helt ok.
E385,EDTA,Stabilisator,Godkendt,Red,Metalkompleksdanner.,No,Binder mineraler i kroppen.,Binder metaller så effektivt at den også kan fjerne de gode fra din krop. Pas på.
E392,Rosmarinekstrakt,Antioxidant,Godkendt,Green,Ingen,No,Moderne 'clean label' løsning.,Urte-kraft til maden. Meget sikkert.
E400,Alginsyre,Fortykningsmiddel,Godkendt,Green,Ingen,No,Udvundet af tang.,Naturens egen gelé fra havet.
E401,Natriumalginat,Fortykningsmiddel,Godkendt,Green,Ingen,No,Alginat-salt.,Meget udbredt og sikkert.
E402,Kaliumalginat,Fortykningsmiddel,Godkendt,Green,Ingen,No,Alginat-salt.,Sikkert hav-produkt.
E403,Ammoniumalginat,Fortykningsmiddel,Godkendt,Green,Ingen,No,Alginat-salt.,Helt i orden.
E404,Calciumalginat,Fortykningsmiddel,Godkendt,Green,Ingen,No,Alginat-salt.,Ingen problemer.
E405,"Propan-1,2-diolalginat",Fortykningsmiddel,Godkendt,Yellow,Modificeret tang.,No,Lidt mere kemisk proces end almindelig tang.,
E406,Agar,Fortykningsmiddel,Godkendt,Green,Ingen,No,Udvundet af havalger.,Naturens egen gele. Helt sikker.
E407,Carrageenan,Fortykningsmiddel,ADI Temporary,Red,"Tarminflammation, sår i tarmen.",No,"Udvundet af tang, men irriterer tarmens slimhinde.","Gør maden tyk, men gør tarmen irriteret. Dårlig byttehandel."
E407a,Eucheuma-tang,Fortykningsmiddel,Godkendt,Yellow,Samme som E407.,No,Mindre raffineret tang.,"Lidt mere naturlig end E407, men samme risiko."
E410,Johannesbrødkernemel,Fortykningsmiddel,Godkendt,Green,Ingen,No,Naturlige frø fra Middelhavet.,Gode fibre og helt sikkert.
E412,Guargummi,Fortykningsmiddel,Godkendt,Green,Luft i maven v. store mængder.,No,Naturlig fiber fra frø.,"Sikkert, men kan give lidt musik i maven."
E413,Tragant,Fortykningsmiddel,Godkendt,Green,Ingen,No,Planteekstrakt.,Helt naturlig lim til din mad.
E414,Arabisk gummi,Fortykningsmiddel,Godkendt,Green,Ingen,No,Naturlig harpiks fra akacietræer.,Prebiotisk og sundt for dine tarmbakterier. Mattis favorit.
E415,Xanthangummi,Fortykningsmiddel,Godkendt,Green,Ingen,No,Dannes ved fermentering.,Meget effektiv og helt sikker.
E416,Karayagummi,Fortykningsmiddel,Godkendt,Yellow,Allergirisiko.,No,Træ-ekstrakt.,"Sjældent brugt, vær opmærksom ved allergi."
E417,Taragummi,Fortykningsmiddel,Godkendt,Green,Ingen,No,Plantefrø.,Sikker og naturlig.
E418,Gellangummi,Fortykningsmiddel,Godkendt,Green,Ingen,No,Dannes ved fermentering.,Helt i orden.
E420,Sorbitol,Sødestof,Godkendt,Yellow,Diarré v. overforbrug.,No,Sukkeralkohol.,"Sødt, men din mave kan blive utilfreds ved store mængder."
E421,Mannitol,Sødestof,Godkendt,Yellow,Diarré v. overforbrug.,No,Sukkeralkohol.,Pas på mængden.
E422,Glycerol,Fugtbevarer,Godkendt,Green,Slush-ice chok v. ekstreme doser.,No,Naturligt fedt-derivat.,"Sikkert i mad, men pas på med en liter slush-ice på én gang."
E425,Konjac,Fortykningsmiddel,Godkendt,Yellow,Kvælningsrisiko i slik.,No,Udvundet af rodknold.,"God i nudler, men må ikke bruges i små gelé-slikpinde."
E426,Soja-hemicellulose,Fortykningsmiddel,Godkendt,Green,Ingen,No,Fiber fra soja.,Helt ok.
E427,Cassiagummi,Fortykningsmiddel,Godkendt,Yellow,Begrænset data.,No,Plantefrø.,Vi holder øje med denne her.
E431,Polyoxyethylenstearat,Emulgator,Godkendt,Red,Syntetisk fedtstof.,No,Kemisk emulgator.,Vi foretrækker naturlige emulgatorer.
E432,Polysorbat 20,Emulgator,Godkendt,Red,Samme som E433.,No,Syntetisk.,Hele polysorbat-familien får rødt lys.
E433,Polysorbat 80,Emulgator,Godkendt,Red,Nedbryder tarmens slimhinde (Leaky Gut).,No,Syntetisk emulgator der fjerner tarmens beskyttelse.,Kemisk vaskemiddel til tarmen. Ikke en anbefaling herfra.
E434,Polysorbat 40,Emulgator,Godkendt,Red,Samme som E433.,No,Syntetisk.,Undgå hvis din mave er sart.
E435,Polysorbat 60,Emulgator,Godkendt,Red,Samme som E433.,No,Syntetisk.,Rødt kort her.
E436,Polysorbat 65,Emulgator,Godkendt,Red,Samme som E433.,No,Syntetisk.,Hele familien er samlet i det røde felt.
E440,Pectiner,Fortykningsmiddel,Godkendt,Green,Ingen,No,Fra frugtskal (især æbler).,Naturens egen marmelade-hjælper. Tommel op!
E442,Ammoniumphosphatider,Emulgator,Godkendt,Yellow,Phosphat-indhold.,No,Ofte fundet i chokolade.,"Hjælper chokoladen med at flyde, men vær obs på phosphaten."
E444,SAIB,Stabilisator,Godkendt,Yellow,Kun til læskedrikke.,No,Modificeret sukker.,Holder smagen jævnt fordelt i din sodavand.
E445,Glycerolestere af fyrreharpiks,Stabilisator,Godkendt,Yellow,Fra træharpiks.,No,Harpiks i din cola.,Lyder som noget fra skoven – og det er det også.
E450,Diphosphater,Hævemiddel,Yellow,Nyrepåvirkning.,No,Mineral-salte.,Phosphat-advarsel igen. Begræns indtaget.,
E451,Triphosphater,Stabilisator,Yellow,Samme som E450.,No,Mineral-salte.,Hjælper kød med at holde på vandet. Vi foretrækker tørt kød fremfor phosphater.,
E452,Polyphosphater,Stabilisator,Yellow,Samme som E450.,No,Mineral-salte.,Endnu en i phosphat-rækken.,
E460,Cellulose,Fyldstof,Godkendt,Green,Ingen,No,Kostfibre fra træ eller bomuld.,"Næsten som at spise papir, men helt sikkert."
E461,Methylcellulose,Fortykningsmiddel,Godkendt,Yellow,Modificeret fiber.,No,Kemisk ændret cellulose.,Lidt for meget proces efter Mattis smag.
E462,Ethylcellulose,Fortykningsmiddel,Godkendt,Yellow,Samme som E461.,No,Modificeret fiber.,Vi holder os til den naturlige udgave.
E463,Hydroxypropylcellulose,Fortykningsmiddel,Godkendt,Yellow,Samme som E461.,No,Modificeret fiber.,Advarsel om proces.
E464,HPMC,Fortykningsmiddel,Godkendt,Yellow,Samme som E461.,No,Modificeret fiber.,Endnu en proces-variant.
E465,Ethylmethylcellulose,Fortykningsmiddel,Godkendt,Yellow,Samme som E461.,No,Modificeret fiber.,Det stopper aldrig med celluloserne.
E466,CMC,Fortykningsmiddel,Godkendt,Red,"Inflammation i tarmen, Leaky Gut.",No,Modificeret cellulose der driller tarmen.,Kemisk fortykning der forstyrrer din indre balance. Pas på.
E468,Tværbunden CMC,Fortykningsmiddel,Godkendt,Yellow,Modificeret fiber.,No,Kun til kosttilskud.,"Hold dig til pillen, ikke maden."
E469,Hydrolyseret CMC,Fortykningsmiddel,Godkendt,Yellow,Modificeret fiber.,No,Sidste cellulose-variant.,
E470a,Salte af fedtsyrer,Emulgator,Godkendt,Green,Kan være animalsk.,No,Sæbe-agtige fedtsyrer.,"Helt sikkert, men tjek kilden hvis du er veganer."
E470b,Magnesiumsalte af fedtsyrer,Emulgator,Godkendt,Green,Ingen,No,Tit i kosttilskud.,Sikkert mineral-fedt.
E471,Mono- og diglycerider,Emulgator,Godkendt,Green,Kan være animalsk.,No,Fedtsyrer der blander olie og vand.,"Helt sikkert, men pas på svinekød-kilden hvis det er vigtigt for dig."
E472a,Eddikesyreestere af E471,Emulgator,Godkendt,Green,Ingen,No,Eddike-fedt.,Sikkert.
E472b,Mælkesyreestere af E471,Emulgator,Godkendt,Green,Ingen,No,Mælkesyre-fedt.,Ingen problemer.
E472c,Citronsyreestere af E471,Emulgator,Godkendt,Green,Ingen,No,Citronsyre-fedt.,Helt i orden.
E472d,Vinsyreestere af E471,Emulgator,Godkendt,Green,Ingen,No,Vinsyre-fedt.,Sikkert.
E472e,DATEM,Emulgator,Godkendt,Green,Ingen,No,Giver luftigt brød.,Bagerens bedste ven. Helt sikker.
E472f,Blandede estere,Emulgator,Godkendt,Green,Ingen,No,Fedtsyre-mix.,Sikkert.
E473,Sucroseestere,Emulgator,Godkendt,Yellow,Modificeret sukker.,No,Sukker-fedt.,Lidt for meget kemi i denne blanding.
E474,Sucroglycerider,Emulgator,Godkendt,Yellow,Samme som E473.,No,Sukker-fedt.,Vi holder øje.
E475,Polyglycerolestere,Emulgator,Godkendt,Yellow,Syntetisk fedt mix.,No,Kemisk emulgator.,Lidt proces-advarsel her.
E476,PGPR,Emulgator,Godkendt,Yellow,Kun chokolade/saucer.,No,Hjælper chokoladen med at flyde.,Gør billig chokolade nemmere at arbejde med.
E477,Propylenglycolestere,Emulgator,Godkendt,Yellow,Syntetisk fedt.,No,Kemisk blanding.,Ikke ligefrem natur-mad.
E479b,Oxideret sojaolie,Emulgator,Godkendt,Yellow,Kun til stegemargarine.,No,Varmet olie-mix.,"Hold den på panden, ikke i maven direkte."
E481,SSL,Emulgator,Godkendt,Yellow,Syntetisk fedt.,No,Giver blød struktur.,Tit i burgerboller – gør dem bløde for evigt.
E482,CSL,Emulgator,Godkendt,Yellow,Samme som E481.,No,Blødgører.,Bolle-kemi.
E483,Stearyltartrat,Emulgator,Godkendt,Red,Begrænset data.,No,Syntetisk fedt.,Vi siger nej tak.
E491,Sorbitanmonostearat,Emulgator,Godkendt,Yellow,Sorbitol-derivat.,No,Brugt i tørgær.,Hjælper gæren – men vær obs på mængden.
E492,Sorbitantristearat,Emulgator,Godkendt,Yellow,Samme som E491.,No,Brugt i chokolade-overtræk.,Lidt for meget proces her.
E493,Sorbitanmonolaurat,Emulgator,Godkendt,Yellow,Samme som E491.,No,Overflade-aktiv.,Kemisk hjælper.
E494,Sorbitanmonooleat,Emulgator,Godkendt,Yellow,Samme som E491.,No,Kemisk hjælper.,Vi holder øje.
E495,Sorbitanmonopalmitat,Emulgator,Godkendt,Yellow,Samme som E491.,No,Kemisk hjælper.,Sidste sorbitan i rækken.
E500,Natron,Hævemiddel,Godkendt,Green,Ingen,No,Almindeligt bagepulver.,Helt sikkert og uundværligt i dine kager.
E501,Kaliumcarbonater,Hævemiddel,Godkendt,Green,Ingen,No,Bage-hjælper.,Helt i orden.
E503,Hjortetakssalt,Hævemiddel,Godkendt,Green,Ingen,No,Klassisk bage-middel.,"Lugter grimt når man bager, men er helt sikkert."
E504,Magnesiumcarbonater,Syreregulator,Godkendt,Green,Ingen,No,Mineral-salt.,Helt sikkert.
E507,Saltsyre,Syre,Godkendt,Green,Inert i mad.,No,Almindelig stærk syre.,"Lyder farligt, men er i maden i meget små og sikre mængder."
E508,Kaliumchlorid,Salt,Godkendt,Green,Metalsmag v. høj dosis.,No,Salterstatning.,God hvis du skal skære ned på natrium-saltet.
E509,Calciumchlorid,Syre,Godkendt,Green,Ingen,No,Fasthedsgiver til ost.,Helt sikkert mineral.
E511,Magnesiumchlorid,Syre,Godkendt,Green,Ingen,No,Tofu-stivner.,Sikkert og godt.
E512,Tin(II)chlorid,Antioxidant,Godkendt,Yellow,Kun dåsemad.,No,Holder farven i dåser.,Vi foretrækker friske varer fremfor dåser med tin.
E513,Svovlsyre,Syre,Godkendt,Green,Inert.,No,Stærk syre.,Sikker i de mængder den findes i mad.
E514,Natriumsulfater,Syre,Godkendt,Green,Ingen,No,Mineralsalt.,Ingen problemer.
E515,Kaliumsulfater,Syre,Godkendt,Green,Ingen,No,Mineralsalt.,Helt ok.
E516,Calciumsulfat,Gips,Godkendt,Green,Ingen,No,Fasthedsgiver.,"Bogstaveligt talt gips, men det er sikkert at spise."
E517,Ammoniumsulfat,Syre,Godkendt,Yellow,Melbehandling.,No,Gær-mad.,Vi foretrækker mel uden ekstra tilsætning.
E520,Aluminiumsulfat,Fasthedsgiver,Godkendt,Red,Neurotoksisk risiko.,No,Aluminiumsholdigt stof.,"Aluminium hører til i folie, ikke i din mave. Mattis faste holdning."
E524,Lure (Natriumhydroxid),Syre,Godkendt,Green,Inert.,No,Til fremstilling af saltkringler.,Det der gør dine saltstænger mørke og lækre. Helt sikkert.
E525,Kaliumhydroxid,Syre,Godkendt,Green,Inert.,No,Syreregulator.,Helt ok.
E526,Calciumhydroxid,Syre,Godkendt,Green,Inert.,No,Hærdemiddel.,Sikkert mineral.
E527,Ammoniumhydroxid,Syre,Godkendt,Green,Inert.,No,Syre-base balance.,Helt sikker.
E528,Magnesiumhydroxid,Syre,Godkendt,Green,Ingen,No,Mod mave-syre.,Helt sikkert.
E529,Calciumoxid,Syre,Godkendt,Green,Ingen,No,Brændt kalk.,Sikkert mineral.
E530,Magnesiumoxid,Antiklump,Godkendt,Green,Ingen,No,Mineralsk støv.,Helt i orden.
E535,Natriumferrocyanid,Antiklump,Godkendt,Yellow,Cyanid-bekymring (teoretisk).,No,Gør at dit salt ikke klumper.,"Navnet lyder som en gyserfilm, men det er sikkert i salt."
E536,Kaliumferrocyanid,Antiklump,Godkendt,Yellow,Samme som E535.,No,Salt-hjælper.,"Helt ok, men navnet vinder ingen popularitets-priser."
E538,Calciumferrocyanid,Antiklump,Godkendt,Yellow,Samme som E535.,No,Salt-hjælper.,Endnu en ferrocyanid.
E541,Sur SAP,Hævemiddel,Godkendt,Red,Aluminium-indhold.,No,Hævemiddel i kager.,Aluminium igen – vi finder et andet bagepulver.
E551,Siliciumdioxid (Sand),Antiklump,Godkendt,Yellow,Nanopartikler.,No,Meget fint sand der holder pulveret tørt.,"Holder pulveret tørt, men nanoteknologi kræver forsigtighed. Mattis råd: Vær obs."
E552,Calciumsilicat,Antiklump,Godkendt,Yellow,Begrænset data.,No,Mineralsk antiklump.,Vi holder øje.
E553a,Magnesiumsilicat,Antiklump,Godkendt,Yellow,Samme som E552.,No,Mineralsk antiklump.,Lidt for meget stenstøv her.
E553b,Talcum,Glidemiddel,Godkendt,Yellow,Asbest-bekymring (historisk).,No,Gør overflader glatte.,Vi vil hellere have mad uden talcum.
E554,Natriumaluminiumsilicat,Antiklump,Godkendt,Red,Aluminium-indhold.,No,Mineralsk antiklump.,Aluminium-alarm! Hold dig væk.
E558,Bentonit,Antiklump,Godkendt,Yellow,Lertøjs-mineral.,No,Hvidt ler.,Matti spiser ikke ler til hverdag.
E559,Aluminiumsilicat (Kaolin),Antiklump,Godkendt,Red,Aluminium-indhold.,No,Endnu et ler-mineral.,Aluminium igen. Nej tak.
E570,Fedtsyrer,Glasur,Godkendt,Green,Kan være animalsk.,No,Fedt fra planter eller dyr.,"Helt sikkert, men tjek veganer-status."
E574,Gluconsyre,Syre,Godkendt,Green,Ingen,No,Naturlig syre.,Helt i orden.
E575,GDL,Hævemiddel,Godkendt,Green,Ingen,No,Syre-hjælper.,Sikkert og godt.
E576,Natriumgluconat,Syre,Godkendt,Green,Ingen,No,Metal-binder.,Helt ok.
E577,Kaliumgluconat,Syre,Godkendt,Green,Ingen,No,Metal-binder.,Sikkert.
E578,Calciumgluconat,Syre,Godkendt,Green,Ingen,No,Hærdemiddel.,Ingen alarm.
E579,Jern(II)gluconat,Farve,Godkendt,Yellow,Metalsmag.,No,Gør oliven sorte.,Kun hvis du virkelig savner sorte oliven – det er kemisk hjælp til farven.
E585,Jern(II)lactat,Farve,Godkendt,Yellow,Samme som E579.,No,Farve-hjælper.,Vi tager de naturlige oliven.
E586,4-hexylresorcinol,Antioxidant,Godkendt,Yellow,Kun til rejer.,No,Forhindrer sorte pletter på rejer.,Gør dine rejer pæne – men det er kemi.
E620,Glutaminsyre,Smag,Godkendt,Yellow,Hovedpine hos følsomme.,No,Aminosyre.,"Umami-smag. Naturlig, men vær obs ved følsomhed."
E621,MSG (Det tredje krydderi),Smag,Godkendt,Red,"Hovedpine, hjertebanken.",Potential,Smagsforstærker der kan drille nervesystemet.,"Gør maden lækker, men kan give en tung banken i tindingerne. Brug med måde."
E622,Monokaliumglutamat,Smag,Godkendt,Yellow,Samme som E621.,No,Umami-salt.,Samme advarsel her.
E623,Calciumdiglutamat,Smag,Godkendt,Yellow,Samme som E621.,No,Umami-salt.,Vær opmærksom.
E624,Monoammoniumglutamat,Smag,Godkendt,Yellow,Samme som E621.,No,Umami-salt.,Vær obs.
E625,Magnesiumdiglutamat,Smag,Godkendt,Yellow,Samme som E621.,No,Umami-salt.,Endnu en glutamate.
E626,Guanylsyre,Smag,Godkendt,Yellow,Gigt-bekymring.,No,Nukleotid.,"Findes i naturen, men koncentreret her."
E627,Dinatriumguanylat,Smag,Godkendt,Yellow,Samme som E626.,No,Forstærker umami.,Vær opmærksom.
E628,Dikaliumguanylat,Smag,Godkendt,Yellow,Samme som E626.,No,Umami-hjælper.,"Hverken god eller dårlig, men pas på mængden."
E629,Calciumguanylat,Smag,Godkendt,Yellow,Samme som E626.,No,Umami-hjælper.,Vær obs.
E630,Inosinsyre,Smag,Godkendt,Yellow,Samme som E626.,No,Umami-hjælper.,Vi holder øje.
E631,Dinatriuminosinat,Smag,Godkendt,Yellow,Samme som E626.,No,Tit sammen med MSG.,Kemi-cocktail til smagen.
E632,Dikaliuminosinat,Smag,Godkendt,Yellow,Samme som E626.,No,Smags-hjælper.,Vær opmærksom.
E633,Calciuminosinat,Smag,Godkendt,Yellow,Samme som E626.,No,Smags-hjælper.,Vi ser ham tit i færdigretter.
E634,Calcium-5'-ribonukleotider,Smag,Godkendt,Yellow,Mix af umami.,No,Smags-mix.,Lidt for meget lab-smag her.
E635,Dinatrium-5'-ribonukleotider,Smag,Godkendt,Yellow,Samme som E634.,No,Smags-mix.,"Smartere umami, men stadig kemi."
E640,Glycin,Smag,Godkendt,Green,Aminosyre.,No,Findes naturligt.,Helt i orden.
E650,Zinkacetat,Mineral,Godkendt,Yellow,Metalsmag.,No,Kun til tyggegummi.,"Frisk mund, men metal i maven."
E900,Dimethylpolysiloxan,Antiskum,Godkendt,Yellow,Syntetisk silikone.,No,Forhindrer maden i at skumme over.,Silikone i olien? Vi tager den uden skum tak.
E901,Bivoks,Overflade,Godkendt,Green,Ingen,No,Naturlig voks fra flittige bier.,Sikkert og naturligt til at gøre slikket skinnende.
E902,Candelillavoks,Overflade,Godkendt,Green,Ingen,No,Plantevoks.,Helt sikkert.
E903,Carnaubavoks,Overflade,Godkendt,Green,Ingen,No,Fra palmeblade.,Sikkert og blankt.
E904,Shellak,Glasur,Godkendt,Yellow,Animalsk (lus).,No,Lus-ekskrementer.,"Lyder ulækkert, men er teknisk set sikkert."
E905,Mikrokrystallinsk voks,Voks,Godkendt,Red,Paraffin-baseret.,No,Mineralsk voks.,Vi foretrækker bivoks fremfor olie-voks.
E914,Oxideret polyethylenvoks,Voks,Godkendt,Yellow,Syntetisk plastik-agtig voks.,No,Overflade-kemi.,Mattis råd: Vask frugten grundigt.
E920,L-cystein,Melbehandling,Godkendt,Green,Aminosyre.,No,Gør dejen nemmere at arbejde med.,Sikkert hjælper til bageren.
E927b,Carbamid,Tyggegummi,Godkendt,Yellow,Syre-neutralisator.,No,Findes i urinstof.,"Lyder mærkeligt, men det redder dine tænder."
E938,Argon,Gas,Godkendt,Green,Ingen,No,Neutral gas.,Sikker emballage-hjælper.
E939,Helium,Gas,Godkendt,Green,Ingen,No,Neutral gas.,Den gas der giver sjove stemmer – helt sikker i mad.
E941,Nitrogen,Gas,Godkendt,Green,Ingen,No,Kvælstof.,Luften vi indånder – helt sikker.
E942,Lattergas,Drivgas,Godkendt,Yellow,Misbrugsrisiko.,No,Til flødeskumsspray.,"Helt sikker i flødeskummen, bare ikke i ballonen."
E943,Butan/Isobutan,Drivgas,Godkendt,Yellow,Farlig v. indånding.,No,Til bagespray.,Vi bruger hellere almindelig olie.
E948,Oxygen (Ilt),Gas,Godkendt,Green,Ingen,No,Ilt.,Livsnødvendig og sikker.
E949,Hydrogen (Brint),Gas,Godkendt,Green,Ingen,No,Brint.,Helt sikker.
E950,Acesulfam K,Sødestof,Re-evaluering,Red,"Antibiotikaresistens-link, tarmflora.",No,Kunstigt sødestof.,Spreder modstand mod medicin ifølge studier. Ret uhyggeligt.
E951,Aspartam,Sødestof,Godkendt,Red,"Neurotoksisk risiko, mikrobiom-forstyrrelse.",Potential,Udbredt sødemiddel. Frarådes til små børn.,Den evige debatskabte klassiker. Måske bare drikke vand?
E952,Cyclamat,Sødestof,Godkendt,Red,Forbudt i USA.,No,Gammelt sødestof.,Vi lader den ligge.
E953,Isomalt,Sødestof,Godkendt,Yellow,Diarré v. overforbrug.,No,Sukkeralkohol.,Mave-advarsel her.
E954,Saccharin,Sødestof,Godkendt,Red,Tarmflora-skade.,No,Det ældste sødestof.,Vi er kommet videre siden 1879.
E955,Sucralose,Sødestof,Godkendt,Red,Tarmbakterie-dræber.,No,Kaloriefri sødning.,"Sødt, men dine tarmbakterier er ikke fans. Mattis store nej tak."
E957,Thaumatin,Sødestof,Godkendt,Green,Naturligt protein.,No,Fra en afrikansk frugt.,Naturens egen super-sødme. High-five!
E959,Neohesperidin DC,Sødestof,Godkendt,Yellow,Begrænset brug.,No,Fra citrusfrugter.,Helt ok.
E960a,Stevia,Sødestof,Godkendt,Green,Plante-baseret.,No,Det sikreste alternativ til sukker lige nu.,En af de gode venner i søde-klubben.
E960b,Stevia (fermenteret),Sødestof,Godkendt,Yellow,Laboratorie-stevia.,No,Dannes ved gæring.,Vi foretrækker den ægte plante.
E961,Neotame,Sødestof,Godkendt,Yellow,Modern Aspartame.,No,Meget stærk sødme.,Lidt for meget lab her.
E962,Aspartame-salt,Sødestof,Godkendt,Red,Mix-risiko.,No,Kombineret søde-kemi.,Rødt kort.
E964,Polyglycitolsirup,Sødestof,Godkendt,Yellow,Sukkeralkohol mix.,No,Flydende søde-kemi.,Mave-advarsel.
E965,Maltitol,Sødestof,Godkendt,Yellow,Mavesmerter.,No,Sødt og blødt – for din mave.,Mave-advarsel nummer fem.
E966,Lactitol,Sødestof,Godkendt,Yellow,Oppustethed.,No,Fra mælkesukker.,Pas på maven.
E967,Xylitol,Sødestof,Godkendt,Yellow,Diarré ved høj dosis.,No,Sukkeralkohol god for tænderne.,"Godt for smilet, men pas på: kan give 'hurtige fødder' til toilettet."
E968,Erythritol,Sødestof,Godkendt,Yellow,Mindre maveproblemer end de andre.,No,Sukkeralkohol.,Den mindst mave-drilske søde-ven.
E969,Advantame,Sødestof,Godkendt,Yellow,Nyeste skud på stammen.,No,Ekstremt sødt.,Vi venter og ser.
E999,Quillaia-ekstrakt,Skum,Godkendt,Yellow,Fra træbark.,No,Giver skum til din root beer.,Træ-skum. Mattis dom: Lidt mærkeligt.
E1103,Invertase,Enzym,Godkendt,Green,Ingen,No,Hjælper med sukker-omdannelse.,Sikkert enzym.
E1105,Lysozym,Konservering,Godkendt,Yellow,Ægge-allergi.,No,Fra æggehvider.,Pas på hvis du ikke kan tåle æg.
E1200,Polydextrose,Fyldstof,Godkendt,Yellow,Fiber-kemi.,No,Syntetisk fiber.,Giver fylde uden kalorier.
E1201,PVP,Stabilisator,Godkendt,Yellow,Plastik-lignende.,No,Kun til piller.,Hold den ude af madskålen.
E1202,PVPP,Stabilisator,Godkendt,Yellow,Samme som E1201.,No,Bruges i vin-filtrering.,Filtrerings-hjælp.
E1404-E1451,Modificerede stivelser,Fortykningsmiddel,Godkendt,Green,Ingen,No,Stivelse der har fået en overhaling.,Sikkert og meget udbredt.
E1505,Triethylcitrat,Skum,Godkendt,Yellow,Begrænset brug.,No,Til æggehvide-pulver.,Sikkert.
E1518,Glyceryltriacetat,Fugt,Godkendt,Yellow,Begrænset data.,No,Fugtbevarer.,Vi holder øje.
E1520,Propylenglycol,Opløsningsmiddel,Godkendt,Red,Toksisk i store doser.,No,Kemisk bærestof.,Bruges også i kølervæske. Mattis råd: Vi lader den ligge på hylden.
